"Name","DisplayName","State","StartMode","StartName","PathName"
"AarSvc_1f4c24","Agent Activation Runtime_1f4c24","Stopped","Manual",,"C:\Windows\system32\svchost.exe -k AarSvcGroup -p"
"ADPSvc","ADPSvc","Stopped","Manual","NT AUTHORITY\LocalService","C:\Windows\system32\svchost.exe -k LocalServiceAndNoImpersonation -p"
"ALG","Application Layer Gateway Service","Stopped","Manual","NT AUTHORITY\LocalService","C:\Windows\System32\alg.exe"
"AMD Crash Defender Service","AMD Crash Defender Service","Running","Auto","LocalSystem","C:\Windows\System32\DriverStore\FileRepository\amdfendr.inf_amd64_1da2893e2ffb6838\amdfendrsr.exe"
"AMD External Events Utility","AMD External Events Utility","Running","Auto","LocalSystem","C:\Windows\System32\DriverStore\FileRepository\u0412269.inf_amd64_a4cc787315a2ff5b\B412205\atiesrxx.exe"
"amdpmfservice","AMD PMF Service","Running","Manual","LocalSystem","C:\Windows\System32\amdpmfservice.exe"
"AppIDSvc","Application Identity","Running","Manual","NT Authority\LocalService","C:\Windows\system32\svchost.exe -k LocalServiceNetworkRestricted -p"
"Appinfo","Application Information","Running","Manual","LocalSystem","C:\Windows\system32\svchost.exe -k netsvcs -p"
"AppReadiness","App Readiness","Stopped","Manual","LocalSystem","C:\Windows\System32\svchost.exe -k AppReadiness -p"
"AppXSvc","AppX Deployment Service (AppXSVC)","Running","Manual","LocalSystem","C:\Windows\system32\svchost.exe -k wsappx -p"
"ApxSvc","Windows Virtual Audio Device Proxy Service","Stopped","Manual","NT AUTHORITY\LocalService","C:\Windows\system32\svchost.exe -k LocalService -p"
"AudioEndpointBuilder","Windows Audio Endpoint Builder","Running","Auto","LocalSystem","C:\Windows\System32\svchost.exe -k LocalSystemNetworkRestricted -p"
"Audiosrv","Windows Audio","Running","Auto","NT AUTHORITY\LocalService","C:\Windows\System32\svchost.exe -k LocalServiceNetworkRestricted -p"
"autotimesvc","Cellular Time","Stopped","Manual","NT AUTHORITY\LocalService","C:\Windows\system32\svchost.exe -k autoTimeSvc"
"AxInstSV","ActiveX Installer (AxInstSV)","Stopped","Manual","LocalSystem","C:\Windows\system32\svchost.exe -k AxInstSVGroup"
"BcastDVRUserService_1f4c24","GameDVR and Broadcast User Service_1f4c24","Stopped","Manual",,"C:\Windows\system32\svchost.exe -k BcastDVRUserService"
"BDESVC","BitLocker Drive Encryption Service","Stopped","Manual","localSystem","C:\Windows\System32\svchost.exe -k netsvcs -p"
"BFE","Base Filtering Engine","Running","Auto","NT AUTHORITY\LocalService","C:\Windows\system32\svchost.exe -k LocalServiceNoNetworkFirewall -p"
"BITS","Background Intelligent Transfer Service","Stopped","Manual","LocalSystem","C:\Windows\System32\svchost.exe -k netsvcs -p"
"BluetoothUserService_1f4c24","Bluetooth User Support Service_1f4c24","Stopped","Manual",,"C:\Windows\system32\svchost.exe -k BthAppGroup -p"
"BrokerInfrastructure","Background Tasks Infrastructure Service","Running","Auto","LocalSystem","C:\Windows\system32\svchost.exe -k DcomLaunch -p"
"BTAGService","Bluetooth Audio Gateway Service","Running","Manual","NT AUTHORITY\LocalService","C:\Windows\system32\svchost.exe -k LocalServiceNetworkRestricted"
"BthAvctpSvc","AVCTP service","Running","Auto","NT AUTHORITY\LocalService","C:\Windows\system32\svchost.exe -k LocalService -p"
"bthserv","Bluetooth Support Service","Running","Manual","NT AUTHORITY\LocalService","C:\Windows\system32\svchost.exe -k LocalService -p"
"camsvc","Capability Access Manager Service","Running","Manual","LocalSystem","C:\Windows\system32\svchost.exe -k osprivacy -p"
"CaptureService_1f4c24","CaptureService_1f4c24","Stopped","Manual",,"C:\Windows\system32\svchost.exe -k LocalService -p"
"cbdhsvc_1f4c24","Clipboard User Service_1f4c24","Running","Auto",,"C:\Windows\system32\svchost.exe -k ClipboardSvcGroup -p"
"CDPSvc","Connected Devices Platform Service","Running","Manual","NT AUTHORITY\LocalService","C:\Windows\system32\svchost.exe -k LocalService -p"
"CDPUserSvc_1f4c24","Connected Devices Platform User Service_1f4c24","Running","Auto",,"C:\Windows\system32\svchost.exe -k UnistackSvcGroup"
"CertPropSvc","Certificate Propagation","Stopped","Manual","LocalSystem","C:\Windows\system32\svchost.exe -k netsvcs"
"ClickToRunSvc","Microsoft Office Click-to-Run Service","Running","Auto","LocalSystem","""C:\Program Files\Common Files\Microsoft Shared\ClickToRun\OfficeClickToRun.exe"" /service"
"ClipSVC","Client License Service (ClipSVC)","Stopped","Manual","LocalSystem","C:\Windows\System32\svchost.exe -k wsappx -p"
"CloudBackupRestoreSvc_1f4c24","Cloud Backup and Restore Service_1f4c24","Stopped","Manual",,"C:\Windows\system32\svchost.exe -k UnistackSvcGroup"
"com.docker.service","Docker Desktop Service","Stopped","Manual","LocalSystem","""C:\Program Files\Docker\Docker\com.docker.service"""
"COMSysApp","COM+ System Application","Stopped","Manual","LocalSystem","C:\Windows\system32\dllhost.exe /Processid:{02D4B3F1-FD88-11D1-960D-00805FC79235}"
"ConsentUxUserSvc_1f4c24","ConsentUX User Service_1f4c24","Stopped","Manual",,"C:\Windows\system32\svchost.exe -k DevicesFlow"
"CoreMessagingRegistrar","CoreMessaging","Running","Auto","NT AUTHORITY\LocalService","C:\Windows\system32\svchost.exe -k LocalServiceNoNetwork -p"
"CredentialEnrollmentManagerUserSvc_1f4c24","CredentialEnrollmentManagerUserSvc_1f4c24","Stopped","Manual",,"C:\Windows\system32\CredentialEnrollmentManager.exe"
"CryptSvc","Cryptographic Services","Running","Auto","NT Authority\NetworkService","C:\Windows\system32\svchost.exe -k NetworkService -p"
"DcomLaunch","DCOM Server Process Launcher","Running","Auto","LocalSystem","C:\Windows\system32\svchost.exe -k DcomLaunch -p"
"dcsvc","Declared Configuration(DC) service","Stopped","Manual","LocalSystem","C:\Windows\system32\svchost.exe -k netsvcs -p"
"defragsvc","Optimize drives","Stopped","Manual","localSystem","C:\Windows\system32\svchost.exe -k defragsvc"
"DeviceAssociationBrokerSvc_1f4c24","DeviceAssociationBroker_1f4c24","Stopped","Manual",,"C:\Windows\system32\svchost.exe -k DevicesFlow -p"
"DeviceAssociationService","Device Association Service","Running","Auto","LocalSystem","C:\Windows\system32\svchost.exe -k LocalSystemNetworkRestricted -p"
"DeviceInstall","Device Install Service","Running","Manual","LocalSystem","C:\Windows\system32\svchost.exe -k DcomLaunch -p"
"DevicePickerUserSvc_1f4c24","DevicePicker_1f4c24","Stopped","Manual",,"C:\Windows\system32\svchost.exe -k DevicesFlow"
"DevicesFlowUserSvc_1f4c24","DevicesFlow_1f4c24","Running","Manual",,"C:\Windows\system32\svchost.exe -k DevicesFlow"
"DevQueryBroker","DevQuery Background Discovery Broker","Stopped","Manual","LocalSystem","C:\Windows\system32\svchost.exe -k LocalSystemNetworkRestricted -p"
"Dhcp","DHCP Client","Running","Auto","NT Authority\LocalService","C:\Windows\system32\svchost.exe -k LocalServiceNetworkRestricted -p"
"diagsvc","Diagnostic Execution Service","Stopped","Manual","LocalSystem","C:\Windows\System32\svchost.exe -k diagnostics"
"DiagTrack","Connected User Experiences and Telemetry","Stopped","Disabled","LocalSystem","C:\Windows\System32\svchost.exe -k utcsvc -p"
"DispBrokerDesktopSvc","Display Policy Service","Running","Auto","NT AUTHORITY\LocalService","C:\Windows\system32\svchost.exe -k LocalService -p"
"DisplayEnhancementService","Display Enhancement Service","Running","Manual","LocalSystem","C:\Windows\system32\svchost.exe -k LocalSystemNetworkRestricted -p"
"DmEnrollmentSvc","Device Management Enrollment Service","Stopped","Manual","LocalSystem","C:\Windows\system32\svchost.exe -k netsvcs -p"
"dmwappushservice","Device Management Wireless Application Protocol (WAP) Push message Routing Service","Stopped","Manual","LocalSystem","C:\Windows\system32\svchost.exe -k netsvcs -p"
"Dnscache","DNS Client","Running","Auto","NT AUTHORITY\NetworkService","C:\Windows\system32\svchost.exe -k NetworkService -p"
"DoSvc","Delivery Optimization","Running","Auto","NT Authority\NetworkService","C:\Windows\System32\svchost.exe -k NetworkService -p"
"dot3svc","Wired AutoConfig","Stopped","Manual","localSystem","C:\Windows\system32\svchost.exe -k LocalSystemNetworkRestricted -p"
"DPS","Diagnostic Policy Service","Running","Auto","NT AUTHORITY\LocalService","C:\Windows\System32\svchost.exe -k LocalServiceNoNetwork -p"
"DsmSvc","Device Setup Manager","Stopped","Manual","LocalSystem","C:\Windows\system32\svchost.exe -k netsvcs -p"
"DsSvc","Data Sharing Service","Stopped","Manual","LocalSystem","C:\Windows\System32\svchost.exe -k LocalSystemNetworkRestricted -p"
"DtsApo4Service","DtsApo4Service","Running","Auto","LocalSystem","C:\Windows\System32\DTS\PC\APO4x\DtsApo4Service.exe"
"DusmSvc","Data Usage","Running","Auto","NT Authority\LocalService","C:\Windows\System32\svchost.exe -k LocalServiceNetworkRestricted -p -s DusmSvc"
"EapHost","Extensible Authentication Protocol","Stopped","Manual","localSystem","C:\Windows\System32\svchost.exe -k netsvcs -p"
"edgeupdate","Microsoft Edge Update Service (edgeupdate)","Stopped","Auto","LocalSystem","""C:\Program Files (x86)\Microsoft\EdgeUpdate\MicrosoftEdgeUpdate.exe"" /svc"
"edgeupdatem","Microsoft Edge Update Service (edgeupdatem)","Stopped","Manual","LocalSystem","""C:\Program Files (x86)\Microsoft\EdgeUpdate\MicrosoftEdgeUpdate.exe"" /medsvc"
"EFS","Encrypting File System (EFS)","Stopped","Manual","LocalSystem","C:\Windows\System32\lsass.exe"
"embeddedmode","Embedded Mode","Stopped","Manual","LocalSystem","C:\Windows\System32\svchost.exe -k LocalSystemNetworkRestricted -p"
"EntAppSvc","Enterprise App Management Service","Stopped","Manual","LocalSystem","C:\Windows\system32\svchost.exe -k appmodelRedirectionGuard -p"
"EventLog","Windows Event Log","Running","Auto","NT AUTHORITY\LocalService","C:\Windows\System32\svchost.exe -k LocalServiceNetworkRestricted -p"
"EventSystem","COM+ Event System","Running","Auto","NT AUTHORITY\LocalService","C:\Windows\system32\svchost.exe -k LocalService -p"
"fdPHost","Function Discovery Provider Host","Running","Manual","NT AUTHORITY\LocalService","C:\Windows\system32\svchost.exe -k LocalService -p"
"FDResPub","Function Discovery Resource Publication","Running","Manual","NT AUTHORITY\LocalService","C:\Windows\system32\svchost.exe -k LocalServiceAndNoImpersonation -p"
"fhsvc","File History Service","Stopped","Manual","LocalSystem","C:\Windows\system32\svchost.exe -k LocalSystemNetworkRestricted -p"
"FontCache","Windows Font Cache Service","Running","Auto","NT AUTHORITY\LocalService","C:\Windows\system32\svchost.exe -k LocalService -p"
"FrameServer","Windows Camera Frame Server","Stopped","Manual","NT AUTHORITY\LocalService","C:\Windows\System32\svchost.exe -k Camera"
"FrameServerMonitor","Windows Camera Frame Server Monitor","Stopped","Manual","LocalSystem","C:\Windows\System32\svchost.exe -k CameraMonitor"
"GameInputRedistService","GameInput Redist Service","Stopped","Manual","LocalSystem","""C:\Program Files\Microsoft GameInput\x64\GameInputRedistService.exe"""
"GameInputSvc","GameInput Service","Stopped","Manual","LocalSystem","C:\Windows\System32\GameInputSvc.exe"
"GamingServices","Gaming Services","Running","Auto","LocalSystem","""C:\Program Files\WindowsApps\Microsoft.GamingServices_34.110.25001.0_x64__8wekyb3d8bbwe\GamingServices.exe"""
"GamingServicesNet","Gaming Services","Running","Auto","NT AUTHORITY\LocalService","""C:\Program Files\WindowsApps\Microsoft.GamingServices_34.110.25001.0_x64__8wekyb3d8bbwe\GamingServicesNet.exe"""
"GoogleChromeElevationService","Google Chrome Elevation Service (GoogleChromeElevationService)","Stopped","Manual","LocalSystem","""C:\Program Files\Google\Chrome\Application\145.0.7632.160\elevation_service.exe"""
"GoogleUpdaterInternalService147.0.7703.0","Google Updater Internal Service (GoogleUpdaterInternalService147.0.7703.0)","Stopped","Auto","LocalSystem","""C:\Program Files (x86)\Google\GoogleUpdater\147.0.7703.0\updater.exe"" --system --windows-service --service=update-internal"
"GoogleUpdaterService147.0.7703.0","Google Updater Service (GoogleUpdaterService147.0.7703.0)","Stopped","Auto","LocalSystem","""C:\Program Files (x86)\Google\GoogleUpdater\147.0.7703.0\updater.exe"" --system --windows-service --service=update"
"gpsvc","Group Policy Client","Running","Auto","LocalSystem","C:\Windows\system32\svchost.exe -k GPSvcGroup"
"GraphicsPerfSvc","GraphicsPerfSvc","Stopped","Manual","LocalSystem","C:\Windows\System32\svchost.exe -k GraphicsPerfSvcGroup"
"hidserv","Human Interface Device Service","Running","Manual","LocalSystem","C:\Windows\system32\svchost.exe -k LocalSystemNetworkRestricted -p"
"hns","Host Network Service","Running","Manual","LocalSystem","C:\Windows\system32\svchost.exe -k NetSvcs -p"
"hpatchmon","Hotpatch Monitoring Service","Stopped","Manual","LocalSystem","C:\Windows\system32\svchost.exe -k LocalSystemNetworkRestricted -p"
"HvHost","HV Host Service","Running","Manual","LocalSystem","C:\Windows\system32\svchost.exe -k LocalSystemNetworkRestricted -p"
"icssvc","Windows Mobile Hotspot Service","Stopped","Manual","NT Authority\LocalService","C:\Windows\system32\svchost.exe -k LocalServiceNetworkRestricted -p"
"IgoAudioService","intelliGo Audio Service","Running","Auto","LocalSystem","C:\Windows\System32\DriverStore\FileRepository\igoaudioservice.inf_amd64_ddea067f7a4f87a6\IgoAudioService_x64.exe"
"IKEEXT","IKE and AuthIP IPsec Keying Modules","Running","Auto","LocalSystem","C:\Windows\system32\svchost.exe -k netsvcs -p"
"InstallService","Microsoft Store Install Service","Running","Manual","LocalSystem","C:\Windows\System32\svchost.exe -k netsvcs -p"
"InventorySvc","Inventory and Compatibility Appraisal service","Stopped","Manual","LocalSystem","C:\Windows\system32\svchost.exe -k InvSvcGroup -p"
"iphlpsvc","IP Helper","Running","Auto","LocalSystem","C:\Windows\System32\svchost.exe -k NetSvcs -p"
"IpxlatCfgSvc","IP Translation Configuration Service","Stopped","Manual","LocalSystem","C:\Windows\System32\svchost.exe -k LocalSystemNetworkRestricted -p"
"KeyIso","CNG Key Isolation","Running","Auto","LocalSystem","C:\Windows\system32\lsass.exe"
"KtmRm","KtmRm for Distributed Transaction Coordinator","Stopped","Manual","NT AUTHORITY\NetworkService","C:\Windows\System32\svchost.exe -k NetworkServiceAndNoImpersonation -p"
"LanmanServer","Server","Running","Auto","LocalSystem","C:\Windows\system32\svchost.exe -k netsvcs -p"
"LanmanWorkstation","Workstation","Running","Auto","NT AUTHORITY\NetworkService","C:\Windows\System32\svchost.exe -k NetworkService -p"
"lfsvc","Geolocation Service","Running","Manual","LocalSystem","C:\Windows\system32\svchost.exe -k netsvcs -p"
"LibreOfficeMaintenance","LibreOffice Maintenance Service","Stopped","Manual","LocalSystem","""C:\Program Files\LibreOffice\program\update_service.exe"""
"LicenseManager","Windows License Manager Service","Running","Manual","NT Authority\LocalService","C:\Windows\System32\svchost.exe -k LocalService -p"
"lltdsvc","Link-Layer Topology Discovery Mapper","Stopped","Manual","NT AUTHORITY\LocalService","C:\Windows\System32\svchost.exe -k LocalService -p"
"lmhosts","TCP/IP NetBIOS Helper","Running","Manual","NT AUTHORITY\LocalService","C:\Windows\System32\svchost.exe -k LocalServiceNetworkRestricted -p"
"LocalKdc","Kerberos Local Key Distribution Center","Stopped","Manual","LocalSystem","C:\Windows\System32\lsass.exe"
"LSM","Local Session Manager","Running","Auto","LocalSystem","C:\Windows\system32\svchost.exe -k DcomLaunch -p"
"LxpSvc","Language Experience Service","Stopped","Manual","LocalSystem","C:\Windows\system32\svchost.exe -k netsvcs"
"MapsBroker","Downloaded Maps Manager","Stopped","Auto","NT AUTHORITY\NetworkService","C:\Windows\System32\svchost.exe -k NetworkService -p"
"McmSvc","Mobile Connectivity Management Service","Stopped","Manual","NT SERVICE\McmSvc","C:\Windows\system32\svchost.exe -k McmSvc -p -s McmSvc"
"McpManagementService","McpManagementService","Stopped","Manual","LocalSystem","C:\Windows\system32\svchost.exe -k McpManagementServiceGroup"
"MDCoreSvc","MDCoreSvc","Running","Auto","LocalSystem","""C:\ProgramData\Microsoft\Windows Defender\Platform\4.18.26010.5-0\MpDefenderCoreService.exe"""
"MessagingService_1f4c24","MessagingService_1f4c24","Stopped","Manual",,"C:\Windows\system32\svchost.exe -k UnistackSvcGroup"
"MicrosoftEdgeElevationService","Microsoft Edge Elevation Service (MicrosoftEdgeElevationService)","Stopped","Manual","LocalSystem","""C:\Program Files (x86)\Microsoft\Edge\Application\146.0.3856.59\elevation_service.exe"""
"midisrv","Windows MIDI Service","Stopped","Manual","NT AUTHORITY\LocalService","C:\Windows\system32\midisrv.exe"
"mpssvc","Windows Defender Firewall","Running","Auto","NT Authority\LocalService","C:\Windows\system32\svchost.exe -k LocalServiceNoNetworkFirewall -p"
"MSDTC","Distributed Transaction Coordinator","Stopped","Manual","NT AUTHORITY\NetworkService","C:\Windows\System32\msdtc.exe"
"MSI Foundation Service","MSI Foundation Service","Running","Auto","LocalSystem","""C:\Program Files (x86)\MSI\MSI Center S\MSIAPService.exe"""
"MSI_Center_S_Service","MSI_Center_S_Service","Running","Auto","LocalSystem","""C:\Program Files (x86)\MSI\MSI Center S\MSI_Center_S_Service.exe"""
"MSiSCSI","Microsoft iSCSI Initiator Service","Stopped","Manual","LocalSystem","C:\Windows\system32\svchost.exe -k netsvcs -p"
"msiserver","Windows Installer","Stopped","Manual","LocalSystem","C:\Windows\system32\msiexec.exe /V"
"NaturalAuthentication","Natural Authentication","Stopped","Manual","LocalSystem","C:\Windows\system32\svchost.exe -k netsvcs -p"
"NcaSvc","Network Connectivity Assistant","Stopped","Manual","LocalSystem","C:\Windows\System32\svchost.exe -k NetSvcs -p"
"NcbService","Network Connection Broker","Running","Manual","LocalSystem","C:\Windows\System32\svchost.exe -k LocalSystemNetworkRestricted -p"
"NcdAutoSetup","Network Connected Devices Auto-Setup","Running","Manual","NT AUTHORITY\LocalService","C:\Windows\System32\svchost.exe -k LocalServiceNoNetwork -p"
"Netbird","Netbird","Running","Auto","LocalSystem","""C:\Program Files\Netbird\Netbird.exe"" service run --log-level info --daemon-addr tcp://127.0.0.1:41731 --log-file C:\ProgramData\Netbird\client.log"
"Netlogon","Netlogon","Stopped","Auto","LocalSystem","C:\Windows\system32\lsass.exe"
"Netman","Network Connections","Stopped","Manual","LocalSystem","C:\Windows\System32\svchost.exe -k LocalSystemNetworkRestricted -p"
"netprofm","Network List Service","Running","Manual","NT AUTHORITY\NetworkService","C:\Windows\System32\svchost.exe -k netprofm -p"
"NetSetupSvc","Network Setup Service","Stopped","Manual","LocalSystem","C:\Windows\System32\svchost.exe -k netsvcs -p"
"NetTcpPortSharing","Net.Tcp Port Sharing Service","Stopped","Disabled","NT AUTHORITY\LocalService","C:\Windows\Microsoft.NET\Framework64\v4.0.30319\SMSvcHost.exe"
"NgcCtnrSvc","Microsoft Passport Container","Running","Manual","NT AUTHORITY\LocalService","C:\Windows\system32\svchost.exe -k LocalServiceNetworkRestricted -p"
"NgcSvc","Microsoft Passport","Stopped","Manual","LocalSystem","C:\Windows\system32\svchost.exe -k LocalSystemNetworkRestricted -p"
"NlaSvc","Network Location Awareness","Stopped","Manual","NT AUTHORITY\NetworkService","C:\Windows\System32\svchost.exe -k netprofm -p"
"NPSMSvc_1f4c24","Now Playing Session Manager Service_1f4c24","Running","Manual",,"C:\Windows\system32\svchost.exe -k LocalService -p"
"nsi","Network Store Interface Service","Running","Auto","NT Authority\LocalService","C:\Windows\system32\svchost.exe -k LocalService -p"
"nvagent","Network Virtualization Service","Running","Manual","LocalSystem","C:\Windows\system32\svchost.exe -k NetSvcs"
"OneSyncSvc_1f4c24","Sync Host_1f4c24","Running","Auto",,"C:\Windows\system32\svchost.exe -k UnistackSvcGroup"
"P9RdrService_1f4c24","P9RdrService_1f4c24","Stopped","Manual",,"C:\Windows\system32\svchost.exe -k P9RdrService -p"
"PcaSvc","Program Compatibility Assistant Service","Running","Manual","LocalSystem","C:\Windows\system32\svchost.exe -k LocalSystemNetworkRestricted -p"
"PenService_1f4c24","PenService_1f4c24","Running","Manual",,"C:\Windows\system32\svchost.exe -k PenService"
"perceptionsimulation","Windows Perception Simulation Service","Stopped","Manual","LocalSystem","C:\Windows\system32\PerceptionSimulation\PerceptionSimulationService.exe"
"PerfHost","Performance Counter DLL Host","Stopped","Manual","NT AUTHORITY\LocalService","C:\Windows\SysWow64\perfhost.exe"
"PhoneSvc","Phone Service","Running","Manual","NT Authority\LocalService","C:\Windows\system32\svchost.exe -k LocalService -p"
"PimIndexMaintenanceSvc_1f4c24","Contact Data_1f4c24","Stopped","Manual",,"C:\Windows\system32\svchost.exe -k UnistackSvcGroup"
"pla","Performance Logs & Alerts","Stopped","Manual","NT AUTHORITY\LocalService","C:\Windows\System32\svchost.exe -k LocalServiceNoNetwork -p"
"PlugPlay","Plug and Play","Running","Manual","LocalSystem","C:\Windows\system32\svchost.exe -k DcomLaunch -p"
"PolicyAgent","IPsec Policy Agent","Running","Manual","NT Authority\NetworkService","C:\Windows\system32\svchost.exe -k NetworkServiceNetworkRestricted -p"
"Power","Power","Running","Auto","LocalSystem","C:\Windows\system32\svchost.exe -k DcomLaunch -p"
"PrintDeviceConfigurationService","Print Device Configuration Service","Stopped","Manual","LocalSystem","C:\Windows\System32\svchost.exe -k LocalSystemNetworkRestricted -p"
"PrintNotify","Printer Extensions and Notifications","Stopped","Manual","LocalSystem","C:\Windows\system32\svchost.exe -k print"
"PrintScanBrokerService","PrintScanBrokerService","Stopped","Manual","LocalSystem","C:\Windows\system32\svchost.exe -k PrintScanBrokerService -p"
"PrintWorkflowUserSvc_1f4c24","PrintWorkflow_1f4c24","Stopped","Manual",,"C:\Windows\system32\svchost.exe -k PrintWorkflow"
"ProfSvc","User Profile Service","Running","Auto","LocalSystem","C:\Windows\system32\svchost.exe -k UserProfileService -p"
"PushToInstall","Windows PushToInstall Service","Stopped","Manual","LocalSystem","C:\Windows\System32\svchost.exe -k netsvcs -p"
"QWAVE","Quality Windows Audio Video Experience","Running","Manual","NT AUTHORITY\LocalService","C:\Windows\system32\svchost.exe -k LocalServiceAndNoImpersonation -p"
"RasAuto","Remote Access Auto Connection Manager","Stopped","Manual","localSystem","C:\Windows\System32\svchost.exe -k netsvcs -p"
"RasMan","Remote Access Connection Manager","Running","Manual","localSystem","C:\Windows\System32\svchost.exe -k netsvcs"
"refsdedupsvc","ReFS Dedup Service","Stopped","Manual","LocalSystem","C:\Windows\System32\ReFsDedupSvc.exe"
"RemoteAccess","Routing and Remote Access","Stopped","Disabled","localSystem","C:\Windows\System32\svchost.exe -k netsvcs"
"RemoteRegistry","Remote Registry","Stopped","Disabled","NT AUTHORITY\LocalService","C:\Windows\system32\svchost.exe -k localService -p"
"RetailDemo","Retail Demo Service","Stopped","Manual","LocalSystem","C:\Windows\System32\svchost.exe -k rdxgroup"
"RmSvc","Radio Management Service","Running","Manual","NT AUTHORITY\LocalService","C:\Windows\System32\svchost.exe -k LocalServiceNetworkRestricted"
"RpcEptMapper","RPC Endpoint Mapper","Running","Auto","NT AUTHORITY\NetworkService","C:\Windows\system32\svchost.exe -k RPCSS -p"
"RpcLocator","Remote Procedure Call (RPC) Locator","Stopped","Manual","NT AUTHORITY\NetworkService","C:\Windows\system32\locator.exe"
"RpcSs","Remote Procedure Call (RPC)","Running","Auto","NT AUTHORITY\NetworkService","C:\Windows\system32\svchost.exe -k rpcss -p"
"RtkAudioUniversalService","Realtek Audio Universal Service","Running","Auto","LocalSystem","C:\Windows\System32\DriverStore\FileRepository\realtekservice.inf_amd64_31dd95d009763f70\RtkAudUService64.exe"
"RTUsbSwSrvc","RTUsbSwSrvc","Running","Auto","LocalSystem","""C:\Windows\System32\DriverStore\FileRepository\netrtwlanu.inf_amd64_6bcf3fa57a2e080a\RTUWPSrvcMain.exe"""
"SamSs","Security Accounts Manager","Running","Auto","LocalSystem","C:\Windows\system32\lsass.exe"
"SCardSvr","Smart Card","Stopped","Manual","NT AUTHORITY\LocalService","C:\Windows\system32\svchost.exe -k LocalServiceAndNoImpersonation"
"ScDeviceEnum","Smart Card Device Enumeration Service","Stopped","Manual","LocalSystem","C:\Windows\system32\svchost.exe -k LocalSystemNetworkRestricted"
"Schedule","Task Scheduler","Running","Auto","LocalSystem","C:\Windows\system32\svchost.exe -k netsvcs -p"
"SCPolicySvc","Smart Card Removal Policy","Stopped","Manual","LocalSystem","C:\Windows\system32\svchost.exe -k netsvcs"
"SDRSVC","Windows Backup","Stopped","Manual","localSystem","C:\Windows\system32\svchost.exe -k SDRSVC"
"seclogon","Secondary Logon","Stopped","Manual","LocalSystem","C:\Windows\system32\svchost.exe -k netsvcs -p"
"SecurityHealthService","Windows Security Service","Running","Manual","LocalSystem","C:\Windows\system32\SecurityHealthService.exe"
"SEMgrSvc","Payments and NFC/SE Manager","Stopped","Manual","NT AUTHORITY\LocalService","C:\Windows\system32\svchost.exe -k LocalService -p"
"SENS","System Event Notification Service","Running","Auto","LocalSystem","C:\Windows\system32\svchost.exe -k netsvcsRedirectionGuard -p"
"SensorDataService","Sensor Data Service","Stopped","Manual","LocalSystem","C:\Windows\System32\SensorDataService.exe"
"SensorService","Sensor Service","Running","Manual","LocalSystem","C:\Windows\system32\svchost.exe -k LocalSystemNetworkRestricted -p"
"SensrSvc","Sensor Monitoring Service","Running","Manual","NT AUTHORITY\LocalService","C:\Windows\system32\svchost.exe -k LocalServiceAndNoImpersonation -p"
"SessionEnv","Remote Desktop Configuration","Stopped","Manual","localSystem","C:\Windows\System32\svchost.exe -k netsvcs -p"
"SessionSvc","Session Detection","Running","Auto","LocalSystem","C:\Windows\System32\drivers\GoodixSessionService.exe"
"SharedAccess","Internet Connection Sharing (ICS)","Running","Manual","LocalSystem","C:\Windows\System32\svchost.exe -k netsvcs -p"
"ShellHWDetection","Shell Hardware Detection","Running","Auto","LocalSystem","C:\Windows\System32\svchost.exe -k netsvcs -p"
"shpamsvc","Shared PC Account Manager","Stopped","Disabled","LocalSystem","C:\Windows\System32\svchost.exe -k netsvcs -p"
"smphost","Microsoft Storage Spaces SMP","Stopped","Manual","NT AUTHORITY\NetworkService","C:\Windows\System32\svchost.exe -k smphost"
"SmsRouter","Microsoft Windows SMS Router Service.","Stopped","Manual","NT Authority\LocalService","C:\Windows\system32\svchost.exe -k LocalServiceNetworkRestricted -p"
"SNMPTrap","SNMP Trap","Stopped","Manual","NT AUTHORITY\LocalService","C:\Windows\System32\snmptrap.exe"
"Spooler","Print Spooler","Running","Auto","LocalSystem","C:\Windows\System32\spoolsv.exe"
"sppsvc","Software Protection","Stopped","Auto","NT AUTHORITY\NetworkService","C:\Windows\system32\sppsvc.exe"
"SSDPSRV","SSDP Discovery","Running","Manual","NT AUTHORITY\LocalService","C:\Windows\system32\svchost.exe -k LocalServiceAndNoImpersonation -p"
"ssh-agent","OpenSSH Authentication Agent","Running","Auto","LocalSystem","C:\Windows\System32\OpenSSH\ssh-agent.exe"
"SstpSvc","Secure Socket Tunneling Protocol Service","Running","Manual","NT Authority\LocalService","C:\Windows\system32\svchost.exe -k LocalService -p"
"StateRepository","State Repository Service","Running","Auto","LocalSystem","C:\Windows\system32\svchost.exe -k appmodel -p"
"Steam Client Service","Steam Client Service","Stopped","Manual","LocalSystem","""C:\Program Files (x86)\Common Files\Steam\steamservice.exe"" /RunAsService"
"StiSvc","Windows Image Acquisition (WIA)","Running","Auto","NT Authority\LocalService","C:\Windows\system32\svchost.exe -k imgsvc"
"StorSvc","Storage Service","Running","Manual","LocalSystem","C:\Windows\System32\svchost.exe -k LocalSystemNetworkRestricted -p"
"svsvc","Spot Verifier","Stopped","Manual","LocalSystem","C:\Windows\system32\svchost.exe -k LocalSystemNetworkRestricted -p"
"swprv","Microsoft Software Shadow Copy Provider","Stopped","Manual","LocalSystem","C:\Windows\System32\svchost.exe -k swprv"
"SysMain","SysMain","Running","Auto","LocalSystem","C:\Windows\system32\svchost.exe -k LocalSystemNetworkRestricted -p"
"Sysmon","Sysmon","Running","Auto","LocalSystem","C:\Windows\Sysmon.exe"
"SystemEventsBroker","System Events Broker","Running","Auto","LocalSystem","C:\Windows\system32\svchost.exe -k DcomLaunch -p"
"TapiSrv","Telephony","Running","Manual","NT AUTHORITY\NetworkService","C:\Windows\System32\svchost.exe -k NetworkService -p"
"TermService","Remote Desktop Services","Running","Auto","NT Authority\NetworkService","C:\Windows\System32\svchost.exe -k NetworkService"
"TextInputManagementService","Text Input Management Service","Running","Auto","LocalSystem","C:\Windows\System32\svchost.exe -k LocalSystemNetworkRestricted -p"
"Themes","Themes","Running","Auto","LocalSystem","C:\Windows\System32\svchost.exe -k netsvcs -p"
"TieringEngineService","Storage Tiers Management","Stopped","Manual","localSystem","C:\Windows\system32\TieringEngineService.exe"
"TimeBrokerSvc","Time Broker","Running","Manual","NT AUTHORITY\LocalService","C:\Windows\system32\svchost.exe -k LocalServiceNetworkRestricted -p"
"TokenBroker","Web Account Manager","Running","Manual","LocalSystem","C:\Windows\system32\svchost.exe -k netsvcs -p"
"TrkWks","Distributed Link Tracking Client","Running","Auto","LocalSystem","C:\Windows\System32\svchost.exe -k LocalSystemNetworkRestricted -p"
"TroubleshootingSvc","Recommended Troubleshooting Service","Stopped","Manual","LocalSystem","C:\Windows\system32\svchost.exe -k netsvcs -p"
"TrustedInstaller","Windows Modules Installer","Stopped","Manual","localSystem","C:\Windows\servicing\TrustedInstaller.exe"
"tzautoupdate","Auto Time Zone Updater","Stopped","Disabled","NT AUTHORITY\LocalService","C:\Windows\system32\svchost.exe -k LocalService -p"
"UdkUserSvc_1f4c24","Udk User Service_1f4c24","Running","Manual",,"C:\Windows\system32\svchost.exe -k UdkSvcGroup"
"UmRdpService","Remote Desktop Services UserMode Port Redirector","Stopped","Manual","localSystem","C:\Windows\System32\svchost.exe -k LocalSystemNetworkRestricted -p"
"UnistoreSvc_1f4c24","User Data Storage_1f4c24","Stopped","Manual",,"C:\Windows\System32\svchost.exe -k UnistackSvcGroup"
"upnphost","UPnP Device Host","Stopped","Manual","NT AUTHORITY\LocalService","C:\Windows\system32\svchost.exe -k LocalServiceAndNoImpersonation -p"
"UserDataSvc_1f4c24","User Data Access_1f4c24","Stopped","Manual",,"C:\Windows\system32\svchost.exe -k UnistackSvcGroup"
"UserManager","User Manager","Running","Auto","LocalSystem","C:\Windows\system32\svchost.exe -k netsvcs -p"
"UsoSvc","Update Orchestrator Service","Running","Manual","LocalSystem","C:\Windows\system32\svchost.exe -k netsvcs -p"
"VaultSvc","Credential Manager","Running","Auto","LocalSystem","C:\Windows\system32\lsass.exe"
"vds","Virtual Disk","Stopped","Manual","LocalSystem","C:\Windows\System32\vds.exe"
"vmcompute","Hyper-V Host Compute Service","Running","Manual","LocalSystem","C:\Windows\system32\vmcompute.exe"
"vmicguestinterface","Hyper-V Guest Service Interface","Stopped","Manual","LocalSystem","C:\Windows\system32\svchost.exe -k LocalSystemNetworkRestricted -p"
"vmicheartbeat","Hyper-V Heartbeat Service","Stopped","Manual","LocalSystem","C:\Windows\system32\svchost.exe -k ICService -p"
"vmickvpexchange","Hyper-V Data Exchange Service","Stopped","Manual","LocalSystem","C:\Windows\system32\svchost.exe -k LocalSystemNetworkRestricted -p"
"vmicrdv","Hyper-V Remote Desktop Virtualization Service","Stopped","Manual","LocalSystem","C:\Windows\system32\svchost.exe -k ICService -p"
"vmicshutdown","Hyper-V Guest Shutdown Service","Stopped","Manual","LocalSystem","C:\Windows\system32\svchost.exe -k LocalSystemNetworkRestricted -p"
"vmictimesync","Hyper-V Time Synchronization Service","Stopped","Manual","NT AUTHORITY\LocalService","C:\Windows\system32\svchost.exe -k LocalServiceNetworkRestricted -p"
"vmicvmsession","Hyper-V PowerShell Direct Service","Stopped","Manual","LocalSystem","C:\Windows\system32\svchost.exe -k LocalSystemNetworkRestricted -p"
"vmicvss","Hyper-V Volume Shadow Copy Requestor","Stopped","Manual","LocalSystem","C:\Windows\system32\svchost.exe -k LocalSystemNetworkRestricted -p"
"VSS","Volume Shadow Copy","Stopped","Manual","LocalSystem","C:\Windows\system32\vssvc.exe"
"W32Time","Windows Time","Stopped","Manual","NT AUTHORITY\LocalService","C:\Windows\system32\svchost.exe -k LocalService"
"WaaSMedicSvc","WaaSMedicSvc","Stopped","Manual","LocalSystem","C:\Windows\system32\svchost.exe -k wusvcs -p"
"WalletService","WalletService","Stopped","Manual","LocalSystem","C:\Windows\System32\svchost.exe -k appmodel -p"
"WarpJITSvc","Warp JIT Service","Stopped","Manual","NT Authority\LocalService","C:\Windows\System32\svchost.exe -k LocalServiceNetworkRestricted"
"wbengine","Block Level Backup Engine Service","Stopped","Manual","localSystem","""C:\Windows\system32\wbengine.exe"""
"WbioSrvc","Windows Biometric Service","Stopped","Auto","LocalSystem","C:\Windows\system32\svchost.exe -k WbioSvcGroup"
"Wcmsvc","Windows Connection Manager","Running","Auto","NT Authority\LocalService","C:\Windows\system32\svchost.exe -k LocalServiceNetworkRestricted -p -s Wcmsvc"
"wcncsvc","Windows Connect Now - Config Registrar","Stopped","Manual","NT AUTHORITY\LocalService","C:\Windows\System32\svchost.exe -k LocalServiceAndNoImpersonation -p"
"WdiServiceHost","Diagnostic Service Host","Stopped","Manual","NT AUTHORITY\LocalService","C:\Windows\System32\svchost.exe -k LocalService -p"
"WdiSystemHost","Diagnostic System Host","Running","Manual","LocalSystem","C:\Windows\System32\svchost.exe -k LocalSystemNetworkRestricted -p"
"WdNisSvc","Microsoft Defender Antivirus Network Inspection Service","Running","Manual","NT AUTHORITY\LocalService","""C:\ProgramData\Microsoft\Windows Defender\Platform\4.18.26010.5-0\NisSrv.exe"""
"WebClient","WebClient","Stopped","Manual","NT AUTHORITY\LocalService","C:\Windows\system32\svchost.exe -k LocalService -p"
"webthreatdefsvc","Web Threat Defense Service","Running","Manual","NT AUTHORITY\LocalService","C:\Windows\system32\svchost.exe -k WebThreatDefense -p"
"webthreatdefusersvc_1f4c24","Web Threat Defense User Service_1f4c24","Running","Auto",,"C:\Windows\system32\svchost.exe -k LocalSystemNetworkRestricted -p"
"Wecsvc","Windows Event Collector","Stopped","Manual","NT AUTHORITY\NetworkService","C:\Windows\system32\svchost.exe -k NetworkService -p"
"WEPHOSTSVC","Windows Encryption Provider Host Service","Stopped","Manual","NT AUTHORITY\LocalService","C:\Windows\system32\svchost.exe -k WepHostSvcGroup"
"wercplsupport","Problem Reports Control Panel Support","Stopped","Manual","localSystem","C:\Windows\System32\svchost.exe -k netsvcs -p"
"WerSvc","Windows Error Reporting Service","Stopped","Manual","localSystem","C:\Windows\System32\svchost.exe -k WerSvcGroup"
"WFDSConMgrSvc","Wi-Fi Direct Services Connection Manager Service","Stopped","Manual","NT AUTHORITY\LocalService","C:\Windows\system32\svchost.exe -k LocalServiceNetworkRestricted -p"
"whesvc","Windows Health and Optimized Experiences","Running","Auto","LocalSystem","C:\Windows\system32\svchost.exe -k whesvc -p"
"WiaRpc","Still Image Acquisition Events","Stopped","Manual","LocalSystem","C:\Windows\system32\svchost.exe -k LocalSystemNetworkRestricted -p"
"WinDefend","Microsoft Defender Antivirus Service","Running","Auto","LocalSystem","""C:\ProgramData\Microsoft\Windows Defender\Platform\4.18.26010.5-0\MsMpEng.exe"""
"WinHttpAutoProxySvc","WinHTTP Web Proxy Auto-Discovery Service","Running","Manual","NT AUTHORITY\LocalService","C:\Windows\system32\svchost.exe -k LocalServiceHttp -p"
"Winmgmt","Windows Management Instrumentation","Running","Auto","localSystem","C:\Windows\system32\svchost.exe -k netsvcs -p"
"WinRM","Windows Remote Management (WS-Management)","Stopped","Manual","NT AUTHORITY\NetworkService","C:\Windows\System32\svchost.exe -k NetworkService -p"
"wisvc","Windows Insider Service","Stopped","Manual","LocalSystem","C:\Windows\system32\svchost.exe -k netsvcs -p"
"WlanSvc","WLAN AutoConfig","Running","Auto","LocalSystem","C:\Windows\system32\svchost.exe -k LocalSystemNetworkRestricted -p"
"wlidsvc","Microsoft Account Sign-in Assistant","Stopped","Manual","LocalSystem","C:\Windows\system32\svchost.exe -k netsvcs -p"
"wlpasvc","Local Profile Assistant Service","Stopped","Manual","NT Authority\LocalService","C:\Windows\system32\svchost.exe -k LocalServiceNetworkRestricted -p"
"WManSvc","Windows Management Service","Stopped","Manual","LocalSystem","C:\Windows\system32\svchost.exe -k netsvcs -p"
"wmiApSrv","WMI Performance Adapter","Stopped","Manual","localSystem","C:\Windows\system32\wbem\WmiApSrv.exe"
"WMPNetworkSvc","Windows Media Player Network Sharing Service","Stopped","Manual","NT AUTHORITY\NetworkService","""C:\Program Files\Windows Media Player\wmpnetwk.exe"""
"workfolderssvc","Work Folders","Stopped","Manual","NT AUTHORITY\LocalService","C:\Windows\System32\svchost.exe -k LocalService -p"
"WpcMonSvc","Parental Controls","Stopped","Manual","LocalSystem","C:\Windows\system32\svchost.exe -k LocalService"
"WPDBusEnum","Portable Device Enumerator Service","Stopped","Manual","LocalSystem","C:\Windows\system32\svchost.exe -k LocalSystemNetworkRestricted"
"WpnService","Windows Push Notifications System Service","Running","Manual","LocalSystem","C:\Windows\system32\svchost.exe -k netsvcs -p"
"WpnUserService_1f4c24","Windows Push Notifications User Service_1f4c24","Running","Auto",,"C:\Windows\system32\svchost.exe -k UnistackSvcGroup"
"WSAIFabricSvc","WSAIFabricSvc","Running","Auto","NT AUTHORITY\LocalService","C:\Windows\system32\svchost.exe -k WSAIFabricSvcGroup -p"
"wscsvc","Security Center","Running","Auto","NT AUTHORITY\LocalService","C:\Windows\System32\svchost.exe -k LocalServiceNetworkRestricted -p"
"WSearch","Windows Search","Running","Auto","LocalSystem","C:\Windows\system32\SearchIndexer.exe /Embedding"
"WSLService","WSL Service","Running","Auto","LocalSystem","""C:\Program Files\WSL\wslservice.exe"""
"wuauserv","Windows Update","Stopped","Manual","LocalSystem","C:\Windows\system32\svchost.exe -k netsvcs -p"
"wuqisvc","Microsoft Usage and Quality Insights","Stopped","Manual","NT AUTHORITY\LocalService","C:\Windows\system32\svchost.exe -k LocalServiceAndNoImpersonation -p"
"WwanSvc","WWAN AutoConfig","Stopped","Manual","localSystem","C:\Windows\system32\svchost.exe -k LocalSystemNetworkRestricted -p"
"XblAuthManager","Xbox Live Auth Manager","Stopped","Manual","LocalSystem","C:\Windows\system32\svchost.exe -k netsvcs -p"
"XblGameSave","Xbox Live Game Save","Stopped","Manual","LocalSystem","C:\Windows\system32\svchost.exe -k netsvcs -p"
"XboxGipSvc","Xbox Accessory Management Service","Stopped","Manual","LocalSystem","C:\Windows\system32\svchost.exe -k netsvcs -p"
"XboxNetApiSvc","Xbox Live Networking Service","Stopped","Manual","LocalSystem","C:\Windows\system32\svchost.exe -k netsvcs -p"
